review_id,title,text,date,rating,source,cleaned_text,cleaned_title,theme,confidence,classification_reason
8d81989a-da73-40b6-937e-d56ca5f375a7,,Really disappointed been using the app from almost 8 months initially the app was very good but now its buggy like hell every other day cannot place orders. When placing order in intraday it place order really late and sometimes even after 20 mins order pending and when the place the order already miss on profits. Even today market is open from 15 mins and still can't place new orders really getting in my nerves now. If you guys keep on going like this wont take long for people to move to others,2025-11-12,1,Google Play,Really disappointed been using the app from almost 8 months initially the app was very good but now its buggy like hell every other day cannot place orders. When placing order in intraday it place order really late and sometimes even after 20 mins order pending and when the place the order already miss on profits. Even today market is open from 15 mins and still can't place new orders really getting in my nerves now. If you guys keep on going like this wont take long for people to move to others,,"App performance, Usability & Reliability",0.7946640253067017,Zero-shot classification confidence: 0.79
21c135b2-a63e-47d4-9b9f-429f38e42cd7,,"The app is becoming worse day by day. I have seen too many glitches in the recent days, sometimes wallet balance is incorrect, sometimes login doesn't work, sometimes you can't make payments etc etc. With every glitch, my trust is eroding from this app. Update (23 Oct 2025) - I don't think they are able to handle the volume of transactions happening on their platform. Glitches still occur and now happen repeatedly. Price alerts for ETFs do not work at all.",2025-10-23,1,Google Play,"The app is becoming worse day by day. I have seen too many glitches in the recent days, sometimes wallet balance is incorrect, sometimes login doesn't work, sometimes you can't make payments etc etc. With every glitch, my trust is eroding from this app. Update (23 Oct 2025) - I don't think they are able to handle the volume of transactions happening on their platform. Glitches still occur and now happen repeatedly. Price alerts for ETFs do not work at all.",,"App performance, Usability & Reliability",0.6324611902236938,Zero-shot classification confidence: 0.63
bdefa58a-ca74-4230-a9ee-00c3e562f8cd,,"This is the worst platform for trading and investing, especially for beginners. They bail out on you at the very crucial moment. I have been trying to sell my share from yesterday, either app crashes during procedures or even after completing all procedures my order is not placed. It's just not that even during the purchase app crashes like it's deliberately doesn't want you to make profit. I'm so much disappointed.",2025-10-15,1,Google Play,"This is the worst platform for trading and investing, especially for beginners. They bail out on you at the very crucial moment. I have been trying to sell my share from yesterday, either app crashes during procedures or even after completing all procedures my order is not placed. It's just not that even during the purchase app crashes like it's deliberately doesn't want you to make profit. I'm so much disappointed.",,"App performance, Usability & Reliability",0.42696407437324524,Zero-shot classification confidence: 0.43
66db8b04-b8bd-4b09-a040-481398d21c55,,"I have faced an issue while converting my intraday to delivery. The application said you have sufficient balance but there is an error for the conversion. I couldn't convert and they deducted the roundoff money. I have contacted the costomer care but they said, I didn't have sufficient money for the convertion. that is, we need to pay for their errors too. I had screenshots but no reply, nothing....",2025-11-13,1,Google Play,"I have faced an issue while converting my intraday to delivery. The application said you have sufficient balance but there is an error for the conversion. I couldn't convert and they deducted the roundoff money. I have contacted the costomer care but they said, I didn't have sufficient money for the convertion. that is, we need to pay for their errors too. I had screenshots but no reply, nothing....",,"Customer Support, Service and Trust",0.29095038771629333,Zero-shot classification confidence: 0.29
fb372797-ab66-41e8-b77e-ac0a48bb5b70,,"This is one of the best platforms for investment, but applying for an IPO is frustrating. Recently, the application process gets stuck on ""sending application to exchange,"" failing to generate a number or send a mandate. Other platforms like AngelOne and INDmoney are much faster. But I prefer using Groww, so I often have to cancel and reapply to get my application submitted, which is especially stressful on the final day.",2025-09-19,4,Google Play,"This is one of the best platforms for investment, but applying for an IPO is frustrating. Recently, the application process gets stuck on ""sending application to exchange,"" failing to generate a number or send a mandate. Other platforms like AngelOne and INDmoney are much faster. But I prefer using Groww, so I often have to cancel and reapply to get my application submitted, which is especially stressful on the final day.",,"App performance, Usability & Reliability",0.47869443893432617,Zero-shot classification confidence: 0.48
7d785673-fb73-47ee-ad4c-a5da094c2211,,"Too late response in option trading.. Even after setting the stop loss at a particular price, it always exits later at a more lower price resulting in loss. And on top of that the hidden charges ..Resulting P&L shows different after the day and when the amount reflects it is always lower and then unnecessary deductions. There is always 200-500 rs difference than what actually should have been received deducted in the name of charges other than execution charges.",2025-11-28,1,Google Play,"Too late response in option trading.. Even after setting the stop loss at a particular price, it always exits later at a more lower price resulting in loss. And on top of that the hidden charges ..Resulting P&L shows different after the day and when the amount reflects it is always lower and then unnecessary deductions. There is always 200-500 rs difference than what actually should have been received deducted in the name of charges other than execution charges.",,Investment Experience,0.4280839264392853,Zero-shot classification confidence: 0.43
62eedcc1-e346-4328-a1a8-3e35bc59682e,,"Showing events in single place is a great update. One suggestion, it would be nice to be able add & edit notes in MF/SIP, since everyone might have a reason for joining each SIP. Also, along with 52 week prof, dividend would be a good reference.",2025-11-27,4,Google Play,"Showing events in single place is a great update. One suggestion, it would be nice to be able add & edit notes in MF/SIP, since everyone might have a reason for joining each SIP. Also, along with 52 week prof, dividend would be a good reference.",,Investment Experience,0.467342346906662,Zero-shot classification confidence: 0.47
edb92e0e-49cc-45c6-b041-45d8008946f2,,"I've been using the Groww app for a while now, and it's fantastic for tracking investments, mutual funds, and buying/selling stocks. The UI is clean, and it's beginner-friendly. However, one feature that could take it to the next level would be stock recommendations for both long-term investments and short-term trades (like swing trading). It would be super helpful to get insights, expert analysis, or even curated stock lists based on different time horizons and risk appetites.",2025-09-19,4,Google Play,"I've been using the Groww app for a while now, and it's fantastic for tracking investments, mutual funds, and buying/selling stocks. The UI is clean, and it's beginner-friendly. However, one feature that could take it to the next level would be stock recommendations for both long-term investments and short-term trades (like swing trading). It would be super helpful to get insights, expert analysis, or even curated stock lists based on different time horizons and risk appetites.",,Investment Experience,0.29732784628868103,Zero-shot classification confidence: 0.30
a462244c-b4d5-45a4-8fe4-31041da25417,,"I regret choosing this platform. While the user interface looks polished and onboarding was smooth, the app fails spectacularly at the absolute most critical time for any trader: market opening. Every single morning, without fail, as the clock hits 9:15 AM (or within the first five crucial minutes), the servers completely seize up. The app becomes unresponsive, trades won't execute, and worst of all, I can't exit positions. This isn't a minor glitch; it is a fundamental flaw",2025-10-03,1,Google Play,"I regret choosing this platform. While the user interface looks polished and onboarding was smooth, the app fails spectacularly at the absolute most critical time for any trader: market opening. Every single morning, without fail, as the clock hits 9:15 AM (or within the first five crucial minutes), the servers completely seize up. The app becomes unresponsive, trades won't execute, and worst of all, I can't exit positions. This isn't a minor glitch; it is a fundamental flaw",,"App performance, Usability & Reliability",0.7465934157371521,Zero-shot classification confidence: 0.75
d07786b1-15af-456e-87d0-414de009e168,,"Super impressed! The documentation process was incredibly quick and effortless. All my mutual funds were auto-loaded from the central repository, requiring zero manual effort. The best part was that it even retrieved some of my old mutual funds that I no longer had records of. I also raised a redemption request, which was processed swiftly. If the payout is completed within the estimated timeline, this would be an outstanding overall experience.",2025-11-02,5,Google Play,"Super impressed! The documentation process was incredibly quick and effortless. All my mutual funds were auto-loaded from the central repository, requiring zero manual effort. The best part was that it even retrieved some of my old mutual funds that I no longer had records of. I also raised a redemption request, which was processed swiftly. If the payout is completed within the estimated timeline, this would be an outstanding overall experience.",,"Customer Support, Service and Trust",0.2974094748497009,Zero-shot classification confidence: 0.30
bffdd033-cfac-4948-9271-3315e2af3dc0,,#Go for another broker. This app has been giving a lot of issues. It is not working well in the commodity section. While putting buy/sell orders in options the executed orders don't appear immediately in the positions . it takes a lot of time. Very slow app. The interface was not this bad earlier. Bugs may be there too. The Worst customer service. Calls are not picked up.,2025-09-18,1,Google Play,#Go for another broker. This app has been giving a lot of issues. It is not working well in the commodity section. While putting buy/sell orders in options the executed orders don't appear immediately in the positions . it takes a lot of time. Very slow app. The interface was not this bad earlier. Bugs may be there too. The Worst customer service. Calls are not picked up.,,"App performance, Usability & Reliability",0.742580235004425,Zero-shot classification confidence: 0.74
cf48252a-9ef7-401a-899a-63144d5f9534,,"Couple of issues that can be addressed. Many brokers allow the details of the trades along with the charges to be downloaded in the Excel format for uploading the data to another Excel sheet maintained by them. Groww needs to work on this aspect. 2. when I transact, the rate given on the screen is seemed to be higher than prevailing rate if a buy is being placed and similar for a sell transaction. I would like a situation where the rate on the screen is blank and filled by the trader.",2025-11-09,5,Google Play,"Couple of issues that can be addressed. Many brokers allow the details of the trades along with the charges to be downloaded in the Excel format for uploading the data to another Excel sheet maintained by them. Groww needs to work on this aspect. 2. when I transact, the rate given on the screen is seemed to be higher than prevailing rate if a buy is being placed and similar for a sell transaction. I would like a situation where the rate on the screen is blank and filled by the trader.",,Investment Experience,0.3310958743095398,Zero-shot classification confidence: 0.33
724048f6-ff86-4ea6-946d-3ecf993b7274,,"Best experience üëå overall! But I faced one issue ‚Äî I bought 3 stocks and tried paying via Fampay UPI but the payment didn‚Äôt go through. Also, the brokerage charges feel a bit high ‚Äî even when I get ‚Çπ2‚Äì‚Çπ3 profit, ‚Çπ10‚Äì‚Çπ20 gets deducted, which is frustrating. Please fix this issue, otherwise Groww is really one of the best and most user-friendly trading apps! üî•",2025-10-06,5,Google Play,"Best experience üëå overall! But I faced one issue ‚Äî I bought 3 stocks and tried paying via Fampay UPI but the payment didn‚Äôt go through. Also, the brokerage charges feel a bit high ‚Äî even when I get ‚Çπ2‚Äì‚Çπ3 profit, ‚Çπ10‚Äì‚Çπ20 gets deducted, which is frustrating. Please fix this issue, otherwise Groww is really one of the best and most user-friendly trading apps! üî•",,"App performance, Usability & Reliability",0.6469603776931763,Zero-shot classification confidence: 0.65
cd3607bd-cab3-45ef-80c3-0af950a492cd,,"The app is good, but the call center experience isn‚Äôt. I prefer your AI Voice Assistant because it solves my problem in just 30‚Äì50 seconds. In a human call, I first have to enter my date of birth, then select options based on my issue, and only after that do I get connected to a representative. The whole process takes around 7‚Äì8 minutes. The speed should be faster. In the end, my problem was solved. Thank you.",2025-11-29,2,Google Play,"The app is good, but the call center experience isn‚Äôt. I prefer your AI Voice Assistant because it solves my problem in just 30‚Äì50 seconds. In a human call, I first have to enter my date of birth, then select options based on my issue, and only after that do I get connected to a representative. The whole process takes around 7‚Äì8 minutes. The speed should be faster. In the end, my problem was solved. Thank you.",,"Customer Support, Service and Trust",0.5108866095542908,Zero-shot classification confidence: 0.51
838b1067-3098-4ad9-907f-a38da89d1f47,,"Worst app for stocks management..ditches you at the very moment of need. In stocks, time is money, and the app hangs right at the moment when u need quick actions. And its not just with me, or a one time event. Have heard it from many acquaintance, of multiple such events. It's a fundamental flaw in the app, that it freezes/hangs/orders not executed in opening hrs of market.",2025-10-14,1,Google Play,"Worst app for stocks management..ditches you at the very moment of need. In stocks, time is money, and the app hangs right at the moment when u need quick actions. And its not just with me, or a one time event. Have heard it from many acquaintance, of multiple such events. It's a fundamental flaw in the app, that it freezes/hangs/orders not executed in opening hrs of market.",,"App performance, Usability & Reliability",0.52898770570755,Zero-shot classification confidence: 0.53
7ece759b-7a4b-47c3-9f20-fbf5710931ed,,it's all good.... pls avail the SL and Target trailing on the chart itself.. coz whenever I go in profit I need to trail the SL n target... and it's very irritating to go through the whole process to be done in a manual way. so pls add that feature.. I need all the features on the chart either it's sl target or dispose the position. it would be a good relief. pls look into this .,2025-11-29,5,Google Play,it's all good.... pls avail the SL and Target trailing on the chart itself.. coz whenever I go in profit I need to trail the SL n target... and it's very irritating to go through the whole process to be done in a manual way. so pls add that feature.. I need all the features on the chart either it's sl target or dispose the position. it would be a good relief. pls look into this .,,Investment Experience,0.38031622767448425,Zero-shot classification confidence: 0.38
0eb75d52-e14f-4e67-95a9-db4acd064140,,"Very good app,though there is one limitation, that is a 10 year section not available for mutual funds when sorting or viewing any individual funds chart,it is important since it gives more long term perspective,and I would suggest for it to be added.And currently very few bonds available.",2025-11-28,4,Google Play,"Very good app,though there is one limitation, that is a 10 year section not available for mutual funds when sorting or viewing any individual funds chart,it is important since it gives more long term perspective,and I would suggest for it to be added.And currently very few bonds available.",,"App performance, Usability & Reliability",0.397518128156662,Zero-shot classification confidence: 0.40
1ad8c1c4-eb15-43b3-a42d-a6f707dbd0c8,,"only good for long time for others it is worst app.. i lost alot of money by using this app.. some time refreshing some time not exicute etc.. many problems are there in this app.. and you see more profit on your PL, But when you exit it it will less than the first amount and when you see the loss amount on your PL when exit it the loss amout is more than when you see first... if you put a target number the target will hit only the target number cross above not will hit even reach the target.",2025-11-22,1,Google Play,"only good for long time for others it is worst app.. i lost alot of money by using this app.. some time refreshing some time not exicute etc.. many problems are there in this app.. and you see more profit on your PL, But when you exit it it will less than the first amount and when you see the loss amount on your PL when exit it the loss amout is more than when you see first... if you put a target number the target will hit only the target number cross above not will hit even reach the target.",,"App performance, Usability & Reliability",0.7139384150505066,Zero-shot classification confidence: 0.71
7c755ca3-41ce-490c-ad9a-648601657453,,"For the past few days, I‚Äôve been unable to open the app and keep getting the error ‚ÄúOOPS, SOMETHING WENT WRONG.‚Äù I updated the app, uninstalled it, and reinstalled it. After logging in, it worked fine the day before yesterday, but now I‚Äôm facing the same error again when opening the app. My internet bandwidth is good, so I‚Äôm not sure why the app is behaving like this.",2025-09-20,1,Google Play,"For the past few days, I‚Äôve been unable to open the app and keep getting the error ‚ÄúOOPS, SOMETHING WENT WRONG.‚Äù I updated the app, uninstalled it, and reinstalled it. After logging in, it worked fine the day before yesterday, but now I‚Äôm facing the same error again when opening the app. My internet bandwidth is good, so I‚Äôm not sure why the app is behaving like this.",,"App performance, Usability & Reliability",0.6426891088485718,Zero-shot classification confidence: 0.64
f861a1cc-8e13-4726-9d31-967af7c9dfd2,,"Heard about it from a friend. But had to immediately uninstalled. At initial setup, it's too easy to accidentally choose some options. You can't go back and correct the choices. And these can not be changed later in settings as well. Also it's terrible at account deletion. Once in, it's a nightmare to exit. Do not get into the trap!",2025-09-27,1,Google Play,"Heard about it from a friend. But had to immediately uninstalled. At initial setup, it's too easy to accidentally choose some options. You can't go back and correct the choices. And these can not be changed later in settings as well. Also it's terrible at account deletion. Once in, it's a nightmare to exit. Do not get into the trap!",,Investment Experience,0.22379443049430847,Zero-shot classification confidence: 0.22
1c9e3dd1-999b-4ae9-ba69-72f4933354da,,"I'm very disappointed with this app. Used to like this app because of it's super fast order placements and simple UI. but on 14th October, I was placing my order to sell shares of LG at 50% but due to some error I wasn't able to sell. I tried 4 times but it failed. After 15minutes, I did sell the shares but at less profit at 44%. Hence I was able to book less profit. If such problem continues I may suffer a huge loss in the future. that's why I don't want to use this app anymore.",2025-10-16,1,Google Play,"I'm very disappointed with this app. Used to like this app because of it's super fast order placements and simple UI. but on 14th October, I was placing my order to sell shares of LG at 50% but due to some error I wasn't able to sell. I tried 4 times but it failed. After 15minutes, I did sell the shares but at less profit at 44%. Hence I was able to book less profit. If such problem continues I may suffer a huge loss in the future. that's why I don't want to use this app anymore.",,"App performance, Usability & Reliability",0.5790804028511047,Zero-shot classification confidence: 0.58
24dbc9ad-8d06-4d13-97dc-33f9aad8d640,,third class customer support. I have opened my account well in advance for applying for ipo. bank account verified. for trial I did transaction buyed and sold to understand app so that in the end I don't get confused. but after successful allotment at the end time I came to know bank not verified do I can't sell. no Customer support. they only chat after 15 min and the answer is we don't have details. now who is responsible for loss? I am using paytm money since 4 years never had such problem.,2025-11-19,1,Google Play,third class customer support. I have opened my account well in advance for applying for ipo. bank account verified. for trial I did transaction buyed and sold to understand app so that in the end I don't get confused. but after successful allotment at the end time I came to know bank not verified do I can't sell. no Customer support. they only chat after 15 min and the answer is we don't have details. now who is responsible for loss? I am using paytm money since 4 years never had such problem.,,"Customer Support, Service and Trust",0.4328369200229645,Zero-shot classification confidence: 0.43
91af0e4a-e186-40c2-aa62-deec9715f615,,one of the worst app i have ever used their customer service is pathetic they take hours to reply and most of them don't know what to do. they were not able to solve a tiny Autopay issue. there are many more other brokers please don't the same mistake as mine you will regert later.,2025-12-02,1,Google Play,one of the worst app i have ever used their customer service is pathetic they take hours to reply and most of them don't know what to do. they were not able to solve a tiny Autopay issue. there are many more other brokers please don't the same mistake as mine you will regert later.,,"Customer Support, Service and Trust",0.6868836879730225,Zero-shot classification confidence: 0.69
ff4b2501-71ff-45af-a089-c99d1b9bc3d9,,"Terrible app for swing traders. They show good profits while trading, but after order execution they cut massive hidden charges and deductions. A profit that should be a few hundred rupees becomes just a few rupees because of their loot-level fees. Absolutely misleading and not transparent. Swing traders, stay away. Try some other app",2025-12-02,1,Google Play,"Terrible app for swing traders. They show good profits while trading, but after order execution they cut massive hidden charges and deductions. A profit that should be a few hundred rupees becomes just a few rupees because of their loot-level fees. Absolutely misleading and not transparent. Swing traders, stay away. Try some other app",,"App performance, Usability & Reliability",0.5048176646232605,Zero-shot classification confidence: 0.50
8f7f1e0e-9ab4-493b-8121-0d556f19f61f,,"Everything is so so good about your app except one thing- it's speed is slow and sometimes it gets hanged, or the prices are not getting refreshed...This problem is persistent since the last 2-3 weeks...Or else full marks on everything else- it's super user- friendly, easy to use and trade!!",2025-11-09,4,Google Play,"Everything is so so good about your app except one thing- it's speed is slow and sometimes it gets hanged, or the prices are not getting refreshed...This problem is persistent since the last 2-3 weeks...Or else full marks on everything else- it's super user- friendly, easy to use and trade!!",,"App performance, Usability & Reliability",0.8529672622680664,Zero-shot classification confidence: 0.85
450fdfc7-af68-4e75-812d-19ca51d26767,,Why trade value of stock is not added in mobile application as it is present in desktop version even though their is proper space for that. I would like to request to add that small feature in mobile version so that I could change my rating. I'm not asking for much technical features I just want a feature which is already present in Groww. Hope this would be helpful for other users as well. I would be waiting for your response.,2025-11-27,1,Google Play,Why trade value of stock is not added in mobile application as it is present in desktop version even though their is proper space for that. I would like to request to add that small feature in mobile version so that I could change my rating. I'm not asking for much technical features I just want a feature which is already present in Groww. Hope this would be helpful for other users as well. I would be waiting for your response.,,Investment Experience,0.5657736659049988,Zero-shot classification confidence: 0.57
ee2a4f47-16a1-4813-b6ad-4cc02a33813f,,A suggestion to include portfolio analyser where market cap allocation and percentage allocation of each stock is shown which is available in kite. The latest update has portfolio analyser and xirr indicator which is exactly what I had wanted. Great The app keeps getting better with every update. Now it u can also import the stocks from the other broker app u have two accounts. Can compare xirr with nifty returns. Great tools to analyze the portfolio. There is no need for a third party app,2025-09-20,5,Google Play,A suggestion to include portfolio analyser where market cap allocation and percentage allocation of each stock is shown which is available in kite. The latest update has portfolio analyser and xirr indicator which is exactly what I had wanted. Great The app keeps getting better with every update. Now it u can also import the stocks from the other broker app u have two accounts. Can compare xirr with nifty returns. Great tools to analyze the portfolio. There is no need for a third party app,,Investment Experience,0.38875430822372437,Zero-shot classification confidence: 0.39
68731a0d-8771-4215-978d-0350b4380478,,"The app has been almost unusable for the past week. It constantly crashes with a ""Something went wrong"" message, and the persistent ""outdated data"" warning makes it impossible to trust the information shown. ‚ÄãYour backend seems to be struggling with data fetching. This isn't a minor bug; it undermines the core function of a trading app. Please treat this with urgency. If the recent updates caused this, please consider reverting them. If this isn't resolved quickly, you will lose a customer.",2025-09-26,1,Google Play,"The app has been almost unusable for the past week. It constantly crashes with a ""Something went wrong"" message, and the persistent ""outdated data"" warning makes it impossible to trust the information shown. ‚ÄãYour backend seems to be struggling with data fetching. This isn't a minor bug; it undermines the core function of a trading app. Please treat this with urgency. If the recent updates caused this, please consider reverting them. If this isn't resolved quickly, you will lose a customer.",,"App performance, Usability & Reliability",0.5227437019348145,Zero-shot classification confidence: 0.52
60090409-eb54-4521-9c56-a34485cd7254,,"Easy and simple user interface but today I need a stock holding statment for a visa application. It is easy to get but it comes out like an unprofessional excel sheet no logo no header no footer. I called the customer service, but they said they couldn't help.",2025-11-20,3,Google Play,"Easy and simple user interface but today I need a stock holding statment for a visa application. It is easy to get but it comes out like an unprofessional excel sheet no logo no header no footer. I called the customer service, but they said they couldn't help.",,"App performance, Usability & Reliability",0.40727049112319946,Zero-shot classification confidence: 0.41
9ff76540-1411-48cd-9c0c-81034ba89dd8,,it's been 1.5 years I am using groww. However since then till now they have improved a lot. They have improved their UI which is very easy for beginners. I prefer this app over any other investment apps coz of it's simple UI. I have invested in stocks and mutual fund through this app as the steps were very easy. A beginner can easily understand how to use this app and even portfolio tracking is also very easy using this app.,2025-12-03,5,Google Play,it's been 1.5 years I am using groww. However since then till now they have improved a lot. They have improved their UI which is very easy for beginners. I prefer this app over any other investment apps coz of it's simple UI. I have invested in stocks and mutual fund through this app as the steps were very easy. A beginner can easily understand how to use this app and even portfolio tracking is also very easy using this app.,,"App performance, Usability & Reliability",0.41543009877204895,Zero-shot classification confidence: 0.42
80ef258c-7367-4d2e-99ba-3c30594ebe2b,,"12/09/24- Don't download this app. It is the most unreliable app which has a lot of issues. They credit wrong day NAV, IPO page never loads, even if you apply for IPO, you will not receive any mandate request. Issue with loading money to wallet when you most need it. The UI may be appealing but under the hood it is the most unreliable app. Lost a lot of opportunities due to this app. Worst experience. 08/10/25- App is still full of issues. Very unreliable. Still wrong NAV is credited.",2025-10-08,1,Google Play,"12/09/24- Don't download this app. It is the most unreliable app which has a lot of issues. They credit wrong day NAV, IPO page never loads, even if you apply for IPO, you will not receive any mandate request. Issue with loading money to wallet when you most need it. The UI may be appealing but under the hood it is the most unreliable app. Lost a lot of opportunities due to this app. Worst experience. 08/10/25- App is still full of issues. Very unreliable. Still wrong NAV is credited.",,"App performance, Usability & Reliability",0.6885448694229126,Zero-shot classification confidence: 0.69
458a5698-ed19-4bc0-a9de-56b14ec33557,,While updating first check properly what's the issues are there. After latest update price freezing issue. speed slow down. rust performance ever. In option chain when we turn on greeks than No back button works. Speed goes slow down. every time have to restart the app. and also our balance doesn't update after trade exit. It takes 1 mint or have to restart app again and again.,2025-10-03,2,Google Play,While updating first check properly what's the issues are there. After latest update price freezing issue. speed slow down. rust performance ever. In option chain when we turn on greeks than No back button works. Speed goes slow down. every time have to restart the app. and also our balance doesn't update after trade exit. It takes 1 mint or have to restart app again and again.,,"App performance, Usability & Reliability",0.6475787162780762,Zero-shot classification confidence: 0.65
81ffdea9-20a5-480d-829f-6223dd9ed692,,"Previously under F&O category Option chain, Call and PUT OI along with their Prices are shown in single screen but now only Prices are showing, every time I open the option chain it's really annoying, kindly revert this update",2025-12-03,2,Google Play,"Previously under F&O category Option chain, Call and PUT OI along with their Prices are shown in single screen but now only Prices are showing, every time I open the option chain it's really annoying, kindly revert this update",,Investment Experience,0.30562928318977356,Zero-shot classification confidence: 0.31
7eba56ca-5a46-4c9b-88a5-a3d3941339b5,,"The brokerage rates are attractive, but the app has usability issues, instead if showing the dashboard after login, the app shows explore, in MF section, the executed orders do not show buying NAV rate and Units allocated. in Stocks there are more problems which cannot be written due to words limits.",2025-11-29,2,Google Play,"The brokerage rates are attractive, but the app has usability issues, instead if showing the dashboard after login, the app shows explore, in MF section, the executed orders do not show buying NAV rate and Units allocated. in Stocks there are more problems which cannot be written due to words limits.",,"App performance, Usability & Reliability",0.5642687082290649,Zero-shot classification confidence: 0.56
9791a536-67a3-48c6-8164-8bf4502b2f58,,"The groww app looks good to use(for attract new customers)but not good from the inside, app support is purely 3rd class, I tried again and again to solve my problem, the agent did not answer my question but answered other questions with chat, after some time the agent ended the chat without solving my problem.and there is a problem if you buy digital gold before, right now you can't access it,or any one want to buy digital gold there is no option to buy. don't use this app.",2025-10-21,2,Google Play,"The groww app looks good to use(for attract new customers)but not good from the inside, app support is purely 3rd class, I tried again and again to solve my problem, the agent did not answer my question but answered other questions with chat, after some time the agent ended the chat without solving my problem.and there is a problem if you buy digital gold before, right now you can't access it,or any one want to buy digital gold there is no option to buy. don't use this app.",,"App performance, Usability & Reliability",0.6782351136207581,Zero-shot classification confidence: 0.68
f11f17df-2fc5-4726-bdfe-5f678c67a550,,"I have been facing loading issues with the Groww app for the past month. Many times when I open the app, it just keeps showing the loader and doesn't load properly. I contacted customer care, and they told me my app version was old. However, I had already updated it to the latest version. They then asked me to uninstall and reinstall the app, which I did ‚Äî but the issue still continues. This has been a very frustrating experience, especially when trying to trade. Due to these persistent problem",2025-10-03,1,Google Play,"I have been facing loading issues with the Groww app for the past month. Many times when I open the app, it just keeps showing the loader and doesn't load properly. I contacted customer care, and they told me my app version was old. However, I had already updated it to the latest version. They then asked me to uninstall and reinstall the app, which I did ‚Äî but the issue still continues. This has been a very frustrating experience, especially when trying to trade. Due to these persistent problem",,"Customer Support, Service and Trust",0.4599325954914093,Zero-shot classification confidence: 0.46
ac00268a-be93-4e7a-a7b0-405789256c73,,"This App is worst, and lagging too much üò≠üòû, At time when I downloaded this app, this was my bestest choice, but now this is my worst choice, You know, when Iam click to exit profit, it simultaneously sold in loss, also you don't update chart patterns, if you update chart patterns, you don't update loss or profit, which coming in my portfolio, you know, this all problems is not only for f&o and intraday, This problems is for all stocks which is for buy and sell, And you removed oi systemüò≠üòûüò°",2025-10-20,1,Google Play,"This App is worst, and lagging too much üò≠üòû, At time when I downloaded this app, this was my bestest choice, but now this is my worst choice, You know, when Iam click to exit profit, it simultaneously sold in loss, also you don't update chart patterns, if you update chart patterns, you don't update loss or profit, which coming in my portfolio, you know, this all problems is not only for f&o and intraday, This problems is for all stocks which is for buy and sell, And you removed oi systemüò≠üòûüò°",,"App performance, Usability & Reliability",0.6281543970108032,Zero-shot classification confidence: 0.63
81674146-aeca-4843-a638-d250bf7093d9,,"Don't use this app, very poor service. I wanted to change my name after marriage and I had to follow all instructions but they continued to drop the query for last week n now my all amount is stuck in this app. Don't go for it for trading because their procedure is too long for any queries.",2025-10-22,1,Google Play,"Don't use this app, very poor service. I wanted to change my name after marriage and I had to follow all instructions but they continued to drop the query for last week n now my all amount is stuck in this app. Don't go for it for trading because their procedure is too long for any queries.",,"Customer Support, Service and Trust",0.44143274426460266,Zero-shot classification confidence: 0.44
ef85b00a-d631-4e65-bcf1-07eeb01d7438,,using it for 4 years & there are many simple issues. 1. OFS buying option is missing 2. if you buy stocks in Right issue they will never average it with the previous purchase. unless you waste your time in sending them multiple emails. 3. Brokerage charges are high where nothing special is offered 4. Recently noticed that older history charts are deleted for many stocks. why the hell? 5. Many stocks About info is missing.,2025-09-18,2,Google Play,using it for 4 years & there are many simple issues. 1. OFS buying option is missing 2. if you buy stocks in Right issue they will never average it with the previous purchase. unless you waste your time in sending them multiple emails. 3. Brokerage charges are high where nothing special is offered 4. Recently noticed that older history charts are deleted for many stocks. why the hell? 5. Many stocks About info is missing.,,Investment Experience,0.5130659341812134,Zero-shot classification confidence: 0.51
a2af99b1-a47f-48bc-9654-cf85b15719cd,,"Groww charts are very basic and the team is not releasing any updates at all. No features like a traders diary, multiple watchlists, order tabs are creating confusion. Events calendar don't have any alert option. No notes to the watchlist. The customer support is very delayed and no one is interested in taking the feedback as well.",2025-09-30,2,Google Play,"Groww charts are very basic and the team is not releasing any updates at all. No features like a traders diary, multiple watchlists, order tabs are creating confusion. Events calendar don't have any alert option. No notes to the watchlist. The customer support is very delayed and no one is interested in taking the feedback as well.",,"Customer Support, Service and Trust",0.6151161789894104,Zero-shot classification confidence: 0.62
ed27b3b5-ff2d-4911-8f57-f880d662838e,,"Groww is one of the smoothest and easiest apps for beginners in trading and investing. The interface is clean, buying and selling stocks is simple, and GTT orders make it beginner-friendly. However, the app still needs a few advanced features like stop-loss / take-profit for delivery trades and trailing stop-loss options for swing traders. Adding those would make Groww perfect for both new and active users. Overall, it‚Äôs great for starting out, learning, and building a long-term portfolio",2025-10-31,4,Google Play,"Groww is one of the smoothest and easiest apps for beginners in trading and investing. The interface is clean, buying and selling stocks is simple, and GTT orders make it beginner-friendly. However, the app still needs a few advanced features like stop-loss / take-profit for delivery trades and trailing stop-loss options for swing traders. Adding those would make Groww perfect for both new and active users. Overall, it‚Äôs great for starting out, learning, and building a long-term portfolio",,"App performance, Usability & Reliability",0.4328846335411072,Zero-shot classification confidence: 0.43
952ee97d-4d7a-4038-ae2f-14f525d806c6,,this option chain is not better..so please give old option chain with change in oi and total oi.. there is no proper dispay in new option chain..so please change it. Thanka for adding new feature of oi in groww.ita superb..and u should display on mobile apps because of so much user trading through mobile..if u can do this..pls see oi on mobile groww apps..,2025-11-30,5,Google Play,this option chain is not better..so please give old option chain with change in oi and total oi.. there is no proper dispay in new option chain..so please change it. Thanka for adding new feature of oi in groww.ita superb..and u should display on mobile apps because of so much user trading through mobile..if u can do this..pls see oi on mobile groww apps..,,"Customer Support, Service and Trust",0.24983446300029755,Zero-shot classification confidence: 0.25
5de066ac-bc7c-4075-bce2-9e339e684e9a,,HORRIBLE AND FRUSTRATING EXPERIENCE. Had to do re-kyc as my account was not in use and deactivated. Had to send my biometrics and Aadhar data 3 times before my account was reactivated. Now when I try to use the app for trading.... NOTHING Works on it.... WHY DO YOU WASTE OUR TIME???,2025-11-18,1,Google Play,HORRIBLE AND FRUSTRATING EXPERIENCE. Had to do re-kyc as my account was not in use and deactivated. Had to send my biometrics and Aadhar data 3 times before my account was reactivated. Now when I try to use the app for trading.... NOTHING Works on it.... WHY DO YOU WASTE OUR TIME???,,"App performance, Usability & Reliability",0.6626955270767212,Zero-shot classification confidence: 0.66
